{"cameraMode":{"drawMode":0,"name":"Shaded","section":"Shading Mode"},"sceneLighting":true,"audioPlay":false,"sceneViewState":{"showFog":true,"showMaterialUpdate":false,"showSkybox":true,"showFlares":true,"showImageEffects":true,"showParticleSystems":true},"in2DMode":false,"pivot":{"x":-17.865957260131837,"y":-3.2662575244903566,"z":-14.247343063354493},"rotation":{"x":0.04904541000723839,"y":-0.9069104790687561,"z":0.11018222570419312,"w":0.4036928713321686},"size":42.643653869628909,"orthographic":false}